,Kenya Shilling End Period Exchange Rates\1,,,,,,,,,,,,,,,,,,,,,,,,,,,,,
Year,Month,United States dollar,Sterling pound,Euro,South Africa Rand,Uganda shilling\2,Tanzania shilling\2,Rwanda Franc,Burundi Franc,AE Dirham,Deutch Mark,Canadian dollar,French franc,Swiss franc,Dutch guilder,Italian lira,Belsium franc,Japanese yen (100),Swdish kroner,Norwegian kroner,Danish kroner,Austrian schilling,Finn marka,Spanish peseta,Indian rupee,Hong  kong dollar,Singapore dollar,Saudi riyal,Chinese Yuan,Australian dollar
1993,1,35.922,54.476,,,,,,,,22.667,28.301,6.694,24.579,20.143,2.436,1.101,28.939,4.995,5.319,5.873,3.221,6.598,31.734,1.388,,,,,
1993,2,36.456,52.212,,,,,,,,22.296,29.118,6.572,24.039,19.822,2.296,1.082,31.039,4.644,5.227,5.816,3.172,6.119,30.958,1.408,,,,,
1993,3,45.528,68.065,,,,,,,,28.153,36.414,8.293,30.468,25.056,2.843,1.367,39.06,5.92,6.619,7.332,4.001,7.757,39.439,,,,,,
1993,4,59.866,94.2,,,,,,,,37.962,47.05,11.254,42.038,33.783,4.002,1.845,53.905,8.236,8.975,9.86,5.393,11.02,51.774,,,,,,
1993,5,63.179,98.812,,,,,,,,39.873,49.704,11.806,44.618,35.54,4.324,1.939,59.073,8.827,9.388,10.404,5.658,11.787,50.458,2.013,,,,,
1993,6,65.142,98.495,,,,,,,,38.569,50.821,11.45,43.472,34.394,4.244,1.878,61.178,8.414,9.13,10.039,5.472,11.445,50.514,,,,,,
1993,7,65.253,96.757,,,,,,,,37.491,50.721,10.989,42.677,33.379,4.047,1.798,61.328,7.908,8.752,9.627,5.376,11.097,45.788,2.08,,,,,
1993,8,65.56,98.667,,,,,,,,39.411,49.712,11.257,44.705,35.057,4.121,1.849,63.22,8.145,9.061,9.61,5.59,11.189,48.577,2.09,,,,,
1993,9,66.962,101.213,,,,,,,,41.519,50.404,11.892,47.424,36.969,4.253,1.929,63.713,8.332,9.479,10.279,5.902,11.666,51.418,2.135,,,,,
1993,10,69.064,102.746,,20.543,,,,,,41.245,52.222,11.805,46.728,36.734,4.259,1.906,63.859,8.518,9.462,10.245,5.827,11.924,51.583,2.202,,,,,
1993,11,68.749,102.367,,20.415,,,,,,40.251,51.49,11.654,46.14,35.878,4.061,1.901,62.945,8.153,9.265,10.163,5.722,11.817,49.145,2.192,,,,,
1993,12,68.163,100.916,,20.054,,,,,,39.298,51.308,11.567,46.056,35.127,3.988,1.889,60.914,8.193,9.071,10.077,5.594,11.78,47.817,2.173,,,,,
1994,1,67.666,101.092,,19.829,,,,,,38.848,51.068,11.436,46.062,34.67,3.97,1.883,61.57,8.492,9.032,10.002,5.553,12.167,48.027,2.157,,,,,
1994,2,67.125,99.882,,19.336,,,,,,39.271,49.781,11.559,46.99,34.97,3.979,1.908,64.051,8.37,9.055,10.044,5.591,12.1,48.157,2.14,,,,,
1994,3,64.858,96.033,,18.705,,,,,,38.708,46.926,11.331,45.688,34.436,3.965,1.877,63.03,8.25,8.88,9.83,5.497,11.816,47.425,2.072,,,,,
1994,4,60.77,91.94,,16.964,,,,,,36.583,44.006,10.643,42.86,32.387,3.772,1.737,59.838,7.794,8.378,9.246,5.134,10.826,44.737,1.897,,,,,
1994,5,56.459,85.186,,15.486,,,,,,34.335,40.911,10.051,40.267,30.638,3.568,1.679,54.118,7.32,7.934,8.812,4.884,10.475,41.72,1.808,,,,,
1994,6,55.959,86.531,,15.382,,,,,,35.301,40.505,10.306,41.985,31.483,3.564,1.716,56.479,7.333,8.109,9.005,5.011,10.631,42.933,1.789,,,,,
1994,7,55.908,85.424,,15.194,,,,,,35.165,40.437,10.311,41.526,31.303,3.511,1.717,56.069,7.188,8.098,8.977,5.08,10.742,43.029,1.796,,,,,
1994,8,54.813,84.238,,15.29,,,,,,34.796,40.028,10.148,41.201,30.948,3.477,1.687,55.038,7.104,7.935,8.8,4.881,10.759,41.902,1.761,,,,,
1994,9,48.007,75.833,,13.502,,,,,,31.024,35.74,9.088,37.366,27.686,3.094,1.506,48.75,6.44,7.1,7.914,4.416,9.845,37.391,1.545,,,,,
1994,10,41.268,67.482,,11.759,,,,,,27.543,29.862,8.059,32.837,24.45,2.703,1.331,42.736,5.793,6.347,7.042,3.918,8.854,32.436,1.321,,,,,
1994,11,45.948,71.81,,12.966,,,,,,29.28,33.329,8.53,34.605,26.134,2.85,1.424,46.482,6.107,6.743,7.482,4.189,9.698,35.487,1.488,,,,,
1994,12,44.839,69.949,,12.639,,,,,,28.889,31.931,8.373,34.135,25.778,2.766,1.408,44.953,6.03,6.601,7.366,4.115,9.447,33.877,1.434,,,,,
1995,1,44.467,70.965,,12.6,,,,,,29.55,31.296,8.519,35.118,26.363,2.798,1.433,45.133,6.005,,7.483,4.186,9.445,,1.422,,,,,
1995,2,44.436,70.396,,12.311,,,,,,30.312,31.989,8.648,35.835,27.005,2.669,1.47,45.816,6.026,,7.64,4.339,9.778,,1.418,,,,,
1995,3,43.552,69.952,,12.09,,,,,,30.908,30.908,8.875,37.241,27.607,2.553,1.501,48.763,5.871,,7.829,4.384,9.908,,1.387,,,,,
1995,4,45.887,74.237,,12.699,,,,,,33.389,33.669,9.434,40.486,29.801,2.712,1.622,54.908,6.353,,8.513,4.758,10.824,,1.464,,,,,
1995,5,54.039,86.661,,14.747,,,,,,38.918,39.458,11.042,47.131,34.755,3.345,1.856,64.922,7.482,,9.982,5.546,12.605,,1.75,,,,,
1995,6,54.628,86.946,,15.002,,,,,,39.505,39.709,11.269,47.486,35.248,3.342,1.928,64.554,7.544,,10.129,5.592,12.864,,1.747,,,,,
1995,7,55.833,89.428,,15.47,,,,,,40.402,40.77,11.68,48.56,36.032,3.532,1.979,63.237,7.936,,10.401,0,13.391,,1.792,,,,,
1995,8,55.317,85.578,,15.132,,,,,,37.485,41.313,10.913,45.667,33.451,3.414,1.835,56.214,7.578,,9.67,5.324,12.615,,1.743,,,,,
1995,9,55.472,87.695,,15.245,,,,,,39.244,41.169,11.342,48.619,34.931,3.467,1.909,56.4,8.025,,10.084,5.59,13.021,,1.67,,,,,
1995,10,55.497,87.5,,15.243,,,,,,39.417,41.529,11.398,48.812,35.169,3.518,1.916,54.619,8.4,,10.186,5.639,13.108,,1.649,,,,,
1995,11,55.578,85.48,,15.194,,,,,,38.767,40.937,11.284,47.875,34.607,3.505,1.884,54.789,8.563,,10.055,5.523,13.04,,1.614,,,,,
1995,12,55.939,86.559,,15.329,,,,,,38.93,41.09,11.407,48.504,34.765,3.548,1.895,54.38,8.391,,10.071,5.543,12.813,,1.609,,,,,
1996,1,59.533,89.705,,16.274,,,,,,40.002,43.117,11.652,49.035,35.7,3.761,1.936,55.54,8.578,,10.326,5.692,13.063,,1.668,,,,,
1996,2,58.393,89.544,,15.295,,,,,,39.812,42.568,11.622,48.848,35.577,3.77,1.938,55.864,8.692,,10.311,5.665,12.947,,1.671,,,,,
1996,3,58.389,89.125,,14.616,,,,,,39.605,42.835,11.619,49.147,35.383,3.731,1.926,54.833,8.787,,10.263,5.635,12.607,,1.711,,,,,
1996,4,58.333,88.007,,13.372,,,,,,38.252,42.901,11.327,47.196,34.163,3.74,1.841,55.827,8.626,,9.922,5.439,12.083,,1.703,,,,,
1996,5,58.199,89.214,,13.322,,,,,,37.214,42.458,11.209,46.118,33.872,3.754,1.845,53.712,8.597,,9.817,5.388,12.29,,1.66,,,,,
1996,6,57.417,88.858,,13.232,,,,,,37.747,42.131,11.16,45.864,33.657,3.745,1.848,52.401,8.667,,9.804,5.365,12.387,,1.647,,,,,
1996,7,57.237,89.183,,12.806,18.51,10.411,,,,38.856,41.669,11.448,47.824,34.581,3.758,1.892,53.215,8.677,,10.051,5.52,12.717,,1.608,,,,,
1996,8,56.922,88.655,,12.625,18.822,10.38,,,,38.575,41.639,11.253,47.683,34.391,3.77,1.88,52.531,8.616,,9.974,5.482,12.782,,1.598,,,,,
1996,9,56.111,87.75,,12.379,19.207,10.523,,,,36.835,41.156,10.889,44.767,32.831,3.693,1.796,50.528,8.476,,9.593,5.238,12.306,,1.58,,,,,
1996,10,55.694,90.915,,11.737,19.772,10.701,,,,36.826,41.53,10.91,44.38,32.828,3.682,1.794,48.959,8.493,,9.591,5.235,12.317,,1.576,,,,,
1996,11,55.401,93.038,,12.119,19.451,10.785,,,,36.157,41.147,10.645,42.808,32.226,3.664,1.756,48.792,8.281,,9.421,5.14,12.054,,1.554,,,,,
1996,12,55.021,93.05,,11.765,18.702,10.823,,,,35.343,40.17,10.506,40.82,31.522,3.6,1.724,47.39,7.997,,9.195,5.043,11.852,,1.539,,,,,
1997,1,54.709,88.128,,11.975,19.201,10.932,,,,33.434,40.573,9.906,38.441,29.767,3.4,1.626,44.908,7.567,,8.764,4.753,11.236,,1.529,,,,,
1997,2,54.941,89.407,,12.281,18.7,10.905,,,,32.576,40.161,9.654,37.302,28.966,3.275,1.584,45.67,7.355,,8.542,4.63,10.952,,1.539,,,,,
1997,3,54.704,89.288,,12.369,18.731,10.971,,,,32.566,39.85,9.66,37.603,28.941,3.267,1.583,44.217,7.207,,8.54,4.627,10.986,,1.528,,,,,
1997,4,55.493,90.569,,12.492,19.327,10.829,,,,32.218,39.697,9.554,37.868,28.625,3.248,1.561,43.672,7.099,,8.458,4.576,10.678,,1.554,,,,,
1997,5,53.448,87.633,,11.967,19.941,11.503,,,,31.493,38.725,9.313,37.837,27.977,3.172,1.529,45.961,6.927,,8.261,4.471,10.424,,1.501,,,,,
1997,6,54.456,90.617,,12.056,19.595,11.464,,,,31.344,39.485,9.293,37.477,27.855,3.21,1.524,47.657,7.056,,8.231,4.453,10.508,,1.528,,,,,
1997,7,58.914,96.557,,12.821,18.006,10.612,,,,32.06,42.695,9.514,38.886,28.452,3.289,1.557,49.794,7.386,,8.415,4.562,10.783,,1.653,,,,,
1997,8,65.917,106.586,,14.034,16.685,9.391,,,,36.721,47.444,10.914,44.444,32.613,3.75,1.781,55.238,8.444,,9.648,5.222,12.252,,1.818,,,,,
1997,9,62.025,99.97,,13.304,17.938,9.877,,,,35.09,44.867,10.449,42.623,31.165,3.598,1.702,51.281,8.171,,9.227,4.989,11.754,,1.725,,,,,
1997,10,63.986,106.716,,13.258,17.863,9.617,,,,37.25,45.45,11.126,45.826,33.058,3.795,1.819,53.254,8.544,,9.798,5.283,12.44,,1.767,,,,,
1997,11,63.539,106.491,,13.102,18.062,9.7,,,,36.123,44.623,10.796,44.754,32.057,3.691,1.751,49.857,8.221,,9.49,5.133,11.963,,1.653,,,,,
1997,12,62.678,103.922,,12.878,18.138,9.979,,,,35.041,43.729,10.473,43.115,31.074,3.581,1.704,48.281,7.93,,9.194,4.98,11.574,,1.606,,,,,
1998,1,60.039,98.467,,12.201,19.198,10.595,,,,33.127,41.225,9.888,40.994,29.401,3.363,1.612,47.965,7.482,,8.698,4.715,10.962,,1.55,,,,,
1998,2,59.986,98.605,,12.128,19.213,11.086,,,,33.037,42.246,9.853,41.036,29.327,3.354,1.609,47.173,7.464,,8.676,4.699,10.89,,1.531,,,,,
1998,3,59.892,100.502,,11.922,19.235,11.104,,,,32.44,42.112,9.655,39.368,28.778,3.29,1.574,45.446,7.529,,8.511,4.612,10.688,,1.52,,,,,
1998,4,59.707,99.786,,11.829,19.539,11.184,,,,33.294,41.592,9.933,39.926,29.581,3.375,1.629,45.222,7.708,,8.733,4.734,10.973,,1.507,,,,,
1998,5,63.064,102.304,,12.145,19.433,10.503,,,,35.329,43.269,10.539,42.645,31.349,3.587,1.718,45.323,8.06,,9.284,5.023,11.641,,1.521,,,,,
1998,6,59.481,99.201,,10.11,20.645,11.189,,,,32.888,40.459,9.841,39.076,29.179,3.341,1.596,42.311,7.484,,8.634,4.675,10.829,,1.404,,,,,
1998,7,59.047,96.671,,9.629,20.932,11.361,,,,33.225,39.296,9.9,39.63,29.429,3.368,1.608,41.114,7.429,,8.709,4.717,10.917,,1.39,,,,,
1998,8,59.539,99.569,,9.172,20.93,11.282,,,,33.98,38.253,10.135,41.534,30.122,3.445,1.648,42.094,7.442,,8.933,4.829,11.186,,1.403,,,,,
1998,9,60.044,102.588,,10.32,21.563,11.244,,,,35.947,39.661,10.725,43.37,31.878,3.647,1.742,44.355,7.69,,9.457,5.109,11.81,,1.419,,,,,
1998,10,59.731,100.347,,10.455,22.089,11.284,,,,36.188,38.493,10.754,44.499,32.076,3.668,1.751,51.751,7.687,,9.521,5.145,11.865,,1.412,,,,,
1998,11,60.047,99.196,,10.521,22.733,11.26,,,,35.114,39.092,10.474,42.571,31.147,3.547,1.702,48.551,7.362,,9.238,4.991,11.559,,1.409,,,,,
1998,12,61.906,103.036,,10.657,21.987,10.946,,,,36.885,40.104,11.001,44.85,32.728,3.739,1.797,53.614,7.625,,9.694,5.245,11.758,,1.458,,,,,
1999,1,61.746,101.677,70.529,10.248,22.145,11.086,,,,36.067,40.717,10.759,43.793,32.014,3.639,1.749,53.173,7.973,,9.487,5.128,11.866,,1.452,,,,,
1999,2,63.922,102.335,70.184,10.349,21.534,10.532,,,,35.885,42.311,10.697,44.213,31.824,3.598,1.737,53.037,7.833,,9.455,5.097,11.766,,1.502,,,,,
1999,3,64.906,104.596,69.532,10.468,21.349,10.693,,,,35.559,42.97,10.621,43.583,31.557,3.582,1.724,53.964,7.776,,9.359,5.054,11.698,,1.531,,,,,
1999,4,67.722,109.2,72.013,11.203,21.945,10.207,,,,36.827,46.171,10.981,44.679,32.676,3.713,1.787,56.829,8.087,,9.69,5.233,12.154,,1.587,,,,,
1999,5,70.5,112.985,73.766,11.277,20.845,10.15,,,,37.723,47.822,11.249,46.298,33.459,3.802,1.829,58.116,8.223,,9.416,5.359,12.408,,1.656,,,,,
1999,6,72.911,114.918,75.343,12.081,19.897,10.108,,,,38.533,49.409,11.489,47.061,34.183,3.888,1.867,60.354,8.621,,10.135,5.475,12.662,,1.685,,,,,
1999,7,74.231,119.871,79.553,12.038,19.664,10.649,,,,40.68,49.31,12.131,49.811,36.102,4.102,1.972,64.431,9.058,,10.688,5.782,13.387,,1.723,,,,,
1999,8,75.172,119.786,78.887,12.352,19.521,10.594,,,,40.342,50.346,12.029,49.278,35.803,4.066,1.956,67.924,9.051,,10.615,5.735,13.271,,1.733,,,,,
1999,9,77.072,126.774,82.072,12.832,19.505,10.34,,,,41.973,52.552,12.515,51.319,37.236,4.23,2.04,72.308,9.441,,11.042,5.964,13.801,,1.772,,,,,
1999,10,75.194,123.264,79.14,12.227,20.038,10.603,,,,40.47,51.056,12.067,49.35,35.915,4.081,1.962,71.706,9.134,,10.648,5.752,13.312,,1.732,,,,,
1999,11,74.661,119.802,75.43,12.063,20.074,10.679,,,,38.572,50.676,11.5,47.065,34.237,3.891,1.876,73.354,8.805,,10.138,5.484,12.688,,1.72,,,,,
1999,12,72.931,118.106,73.43,11.839,20.63,10.936,,,,37.554,50.201,11.197,45.762,33.326,3.788,1.826,71.428,8.566,,9.853,5.338,12.347,,1.676,,,,,
2000,1,72.814,118.043,71.4,11.472,20.663,10.985,,,19.825,36.512,50.413,10.886,44.369,32.416,3.674,1.771,68.152,8.281,8.848,9.594,5.192,12.025,42.914,1.671,,,,,
2000,2,73.397,117.264,71.135,11.544,20.583,10.906,,,19.984,36.577,50.529,10.905,44.302,32.657,3.684,1.785,66.586,8.458,8.82,9.543,5.231,12.306,42.775,1.684,,,,,
2000,3,74.874,119.29,71.716,11.389,20.213,10.692,,,20.385,36.684,51.396,10.966,45.027,32.539,3.698,1.778,71.077,8.66,8.891,9.584,5.215,12.081,43.404,1.716,,,,,
2000,4,74.856,117.713,68.222,10.941,20.44,10.681,,,20.38,34.909,50.639,10.466,43.391,30.992,3.522,1.693,70.265,8.37,8.366,9.148,4.963,11.485,40.99,1.71,,,,,
2000,5,76.703,114.695,71.278,10.944,20.207,10.423,,,20.884,36.438,50.969,10.909,45.376,32.327,3.674,1.765,71.881,8.512,8.57,9.56,5.176,12.008,42.008,1.72,,,,,
2000,6,77.953,118.423,74.298,11.431,20.589,10.263,,,21.224,37.988,52.567,11.359,47.716,33.723,3.835,1.841,73.852,8.832,9.091,9.968,5.402,12.505,44.672,1.745,,,20.785,,46.616
2000,7,74.561,112.237,68.96,10.703,21.74,10.716,,,20.314,35.277,50.505,10.568,44.551,31.319,3.571,1.712,68.101,8.135,8.45,9.377,5.017,11.562,41.905,1.656,9.561,43,19.879,,43.413
2000,8,77.608,113.036,69.405,11.159,22.162,10.308,,,21.13,35.48,52.555,10.646,44.851,31.489,3.583,1.72,72.94,8.229,8.589,9.299,5.044,11.671,41.697,1.695,9.951,45.103,20.691,,44.64
2000,9,78.989,115.488,69.437,10.437,23.168,10.128,,,21.506,35.503,52.607,10.666,45.589,31.508,3.587,1.721,73.321,8.143,8.677,9.311,5.048,11.672,41.758,1.715,10.13,45.396,21.059,,42.824
2000,10,79.356,114.928,66.693,10.454,23.218,10.081,,,21.605,34.105,51.83,10.273,43.901,30.264,3.445,1.654,72.887,7.865,8.438,8.963,4.846,11.214,40.079,1.694,10.174,45.155,21.156,,40.745
2000,11,79.3,112.7,68.145,10.187,23.266,10.126,,,21.591,34.841,51.288,10.481,45.143,30.921,3.517,1.689,71.385,7.834,8.475,9.117,4.953,11.453,40.931,1.693,10.167,45.121,21.142,,41.391
2000,12,78.036,116.411,72.48,10.315,22.04,10.29,,,21.246,37.08,51.957,11.102,47.671,32.911,3.741,1.798,67.971,8.183,8.777,9.695,5.273,12.195,43.473,1.673,10.006,45.056,20.807,,43.22
2001,1,78.622,114.937,72.868,10.092,22.639,10.239,,,21.407,37.291,52.291,11.155,47.776,33.057,3.764,1.805,67.562,8.237,8.902,9.758,5.294,12.25,43.795,1.694,10.081,45.107,20.964,,42.9
2001,2,78.081,112.595,71.692,10.528,21.258,10.528,,,21.258,36.664,51.075,10.981,46.567,32.506,3.703,1.776,67.145,7.91,8.686,9.615,5.206,12.051,43.101,1.676,10.011,44.83,20.819,,41.004
2001,3,77.817,111.232,68.573,9.684,22.874,10.977,,,21.186,35.087,49.489,10.541,44.954,31.139,3.537,1.704,62.495,7.466,8.534,9.162,4.994,11.513,41.166,1.672,9.977,43.184,20.748,,38.103
2001,4,77.551,111.327,69.174,9.729,23.114,11.412,,,21.088,35.323,50.312,10.533,44.946,31.342,3.567,1.712,62.597,7.605,8.532,9.26,5.021,11.619,41.519,1.655,9.944,42.65,20.678,,39.392
2001,5,78.523,111.523,67.075,9.839,22.795,11.334,,,21.379,34.365,50.838,10.229,44.002,30.398,3.476,1.664,65.749,7.396,8.497,9.001,4.876,11.271,40.261,1.67,10.067,43.443,20.937,,40.098
2001,6,78.985,111.246,66.777,9.788,22.156,11.268,,,21.505,34.148,51.825,10.283,43.898,30.295,3.448,1.655,63.713,7.274,8.487,8.971,4.852,11.226,40.134,1.679,10.127,43.37,21.06,,40.089
2001,7,78.876,112.625,69.013,9.582,22.186,11.334,,,21.475,35.26,51.562,10.518,45.707,31.316,3.56,1.71,63.412,7.453,8.64,9.268,5.014,11.607,41.476,1.671,10.113,43.75,21.032,,39.758
2001,8,78.934,115.231,72.521,9.421,22.215,11.301,,,21.492,37.08,51.029,11.055,47.857,32.905,3.745,1.797,66.447,7.619,8.981,9.744,5.27,12.196,43.588,1.673,10.12,45.391,21.047,,42.163
2001,9,79.021,116.182,72.294,8.775,22.165,11.301,,,21.514,36.961,50.059,11.02,48.883,32.804,3.734,1.362,66.268,7.362,8.94,9.714,5.253,12.156,43.446,1.651,10.132,44.804,21.067,,38.938
2001,10,79.081,114.946,71.706,8.404,21.927,11.406,,,21.531,36.664,50.065,10.932,48.749,32.529,3.702,1.778,64.886,7.464,8.964,9.633,5.212,12.055,43.096,1.649,10.139,43.323,21.086,,40.09
2001,11,78.973,112.523,70.073,7.724,22.032,11.618,,,21.501,35.827,50.047,10.681,47.695,31.799,3.618,1.737,63.696,7.398,8.804,9.415,5.093,11.786,42.105,1.647,10.127,43.145,21.059,,41.039
2001,12,78.6,114.002,69.563,6.547,22.137,11.654,,,21.399,35.581,49.419,10.608,46.991,31.571,3.591,1.725,59.843,7.467,8.74,9.355,5.057,11.705,41.839,1.631,10.08,42.464,20.959,,40.165
2002,1,78.597,111.157,67.782,6.871,22.265,11.896,,,21.398,34.667,49.131,10.337,46.038,30.77,3.502,1.681,59.193,7.387,8.643,9.127,4.952,11.402,40.743,1.619,10.077,42.923,20.957,,39.908
2002,2,78.11,110.845,67.652,6.839,22.539,12.354,,,21.265,34.598,48.577,10.316,45.849,30.703,3.497,1.677,58.316,7.442,8.748,9.17,4.17,11.38,40.603,1.603,10.015,42.564,20.828,,40.332
2002,3,78.058,111.287,68.197,6.829,22.784,12.568,,,21.252,,49.046,,46.515,,,,58.876,7.558,8.859,9.213,,,,1.599,10.008,42.397,20.814,,41.507
2002,4,78.302,114.132,70.731,7.388,22.969,12.356,,,21.318,,49.728,,47.64,,,,61.19,7.643,9.236,9.508,,,,1.6,10.04,43.261,20.879,,42.256
2002,5,78.321,114.792,73.481,8.062,22.949,12.27,,,21.323,,51.054,,50.193,,,,63.083,8.059,9.858,9.88,,,,1.598,10.042,43.865,20.884,,44.537
2002,6,78.786,120.29,77.844,7.483,22.847,11.995,,,21.45,,52.11,,52.841,,,,65.915,8.569,10.508,10.48,,,,1.612,10.101,44.651,21.007,,44.424
2002,7,78.736,123.829,77.447,7.764,22.937,12.129,,,21.437,,50.383,,53.246,,,,65.921,8.383,10.431,10.413,,,,1.618,10.094,44.66,20.995,,43.096
2002,8,78.677,121.852,77.496,7.404,22.958,12.304,,,21.421,,50.735,,52.702,,,,66.686,8.464,10.485,10.437,,,,1.622,10.087,44.994,20.979,,43.552
2002,9,79.026,123.608,77.705,7.487,23.015,12.287,,,21.516,,50.401,,53.05,,,,64.948,8.52,10.573,10.461,,,,1.634,10.132,44.478,21.071,,42.962
2002,10,79.659,124.262,78.658,7.881,23.017,12.321,,,21.688,,51.143,,53.735,,,,64.999,8.674,10.639,10.581,,,,1.646,10.213,45.099,21.24,,44.087
2002,11,80.107,124.168,79.527,8.623,23.01,12.302,,,21.81,,51.206,,53.817,,,,65.507,8.751,10.897,10.717,,,,1.657,10.272,45.433,21.361,,44.912
2002,12,77.072,123.592,80.791,8.925,24.075,12.229,,,20.985,,49.748,,55.65,,,,64.88,8.833,10.995,10.876,,,,1.605,9.883,44.348,20.551,,43.673
2003,1,77.743,128.554,84.1,9.049,24.111,13.133,,,21.166,,51.59,,57.321,,,,65.323,9.154,11.289,11.309,,,,1.627,9.967,44.747,20.731,,45.703
2003,2,76.603,120.909,82.334,9.567,24.963,13.413,,,20.856,,51.843,,56.294,,,,65.087,9.033,10.635,11.085,,,,1.608,9.822,44.067,20.426,,46.357
2003,3,76.646,120.856,83.028,9.642,25.605,13.602,,,20.868,,52.651,,56.207,,,,64.218,8.99,10.539,11.181,,,,1.613,9.827,43.435,20.438,,46.275
2003,4,74.498,118.914,82.859,10.498,26.645,13.987,,,20.283,,52.106,,54.798,,,,62.364,9.079,10.594,11.155,,,,1.572,9.552,41.986,19.865,,46.416
2003,5,73.114,120.758,86.822,9.205,27.273,14.225,,,19.907,,53.596,,56.849,,,,61.847,9.494,11.008,11.696,,,,1.557,9.376,42.249,19.496,,47.798
2003,6,74.167,122.542,84.763,9.882,27.007,14.05,,,20.192,,54.986,,54.851,,,,61.899,9.209,10.205,11.413,,,,1.595,9.511,42.152,19.777,,49.517
2003,7,75.431,121.689,85.502,10.167,26.468,13.841,,,20.536,,53.75,,55.223,,,,62.865,9.325,10.464,11.506,,,,1.635,9.672,42.885,20.113,,49.268
2003,8,76.678,120.882,83.423,10.376,26.126,13.596,,,20.877,,54.766,,54.219,,,,65.482,9.053,10.052,11.235,,,,1.672,9.831,43.643,20.446,,49.101
2003,9,78.417,130.931,91.18,10.989,25.333,13.333,,,21.35,,58.04,,59.168,,,,70.654,10.17,11.188,12.285,,,,1.714,10.124,45.362,20.91,,53.343
2003,10,78.447,133.018,91.119,11.31,25.31,13.347,,,21.358,,59.644,,58.826,,,,71.939,10.026,11.093,12.258,,,,1.732,10.103,45.152,20.917,,55.27
2003,11,76.35,130.969,91.043,11.843,25.606,13.72,,,20.787,,58.303,,58.695,,,,69.714,10.031,11.122,12.244,,,,1.661,9.83,44.222,20.357,,55.083
2003,12,76.139,135.505,95.621,11.451,25.48,13.92,,,20.729,,58.762,,61.358,,,,71.176,10.495,11.344,12.854,,,,1.67,9.808,44.767,20.303,,57.093
2004,1,76.472,138.858,94.909,10.81,24.879,14.476,,,20.82,,57.53,,60.777,,,,72.123,10.334,10.786,12.725,,,,1.687,9.837,45.029,20.391,,58.184
2004,2,76.45,142.387,95.091,11.46,24.919,14.519,,,20.815,,56.865,,60.318,,,,69.838,10.267,10.823,12.757,,,,1.689,9.822,44.844,20.387,,58.932
2004,3,77.762,142.562,95.246,12.309,24.743,14.258,,,21.171,,59.635,,61.078,,,,74.736,10.244,11.312,12.767,,,,1.784,9.976,46.328,20.736,,58.986
2004,4,78.347,139.05,93.769,11.346,24.379,14.27,,,21.33,,57.119,,60.674,,,,71.105,10.219,11.437,12.603,,,,1.766,10.045,45.967,20.891,,56.562
2004,5,79.372,145.1,96.724,12.036,23.144,14.048,,,21.61,,57.972,,63.119,,,,71.817,10.565,11.741,13.02,,,,1.744,10.184,46.783,21.163,,56.723
2004,6,79.513,143.588,96.086,12.654,22.5,13.948,,,21.647,,58.985,,62.863,,,,73.198,10.512,11.468,12.927,,,,1.729,10.195,46.277,21.201,,54.804
2004,7,80.4,146.077,96.812,12.792,22.046,13.682,,,21.889,,60.637,,62.813,,,,71.815,10.463,11.449,13.022,,,,1.732,10.309,46.649,21.439,,56.228
2004,8,80.044,143.891,96.687,11.903,21.363,13.468,,,21.793,,60.793,,62.757,,,,73.031,10.564,11.523,13.001,,,,1.727,10.262,46.733,21.344,,56.115
2004,9,81.114,146.049,100.014,12.604,21.599,13.08,,,22.084,,63.878,,64.407,,,,73.255,11.013,11.933,13.445,,,,1.764,10.401,47.983,21.629,,57.952
2004,10,81.272,148.814,103.541,13.226,21.299,13.073,,,22.126,,66.395,,67.694,,,,76.569,11.42,12.635,13.939,,,,1.787,10.448,48.861,21.671,,60.633
2004,11,81.242,153.45,107.697,13.958,21.455,13.048,,,22.122,,68.39,,71.09,,,,78.802,12.064,13.272,14.501,,,,1.816,10.448,49.517,21.663,,63.072
2004,12,77.344,149.002,105.331,13.667,22.478,13.485,,,21.059,,64.234,,68.296,,,,75.384,11.648,12.789,14.163,,,,1.777,9.949,47.352,20.624,,60.286
2005,1,76.801,144.835,100.039,12.889,22.298,14.284,,,20.91,,61.951,,64.611,,,,74.187,10.961,12.119,13.439,,,,1.759,9.847,46.902,20.479,,59.452
2005,2,75.622,145.127,100.131,12.928,22.48,14.745,,,20.589,,61.161,,64.976,,,,72.135,10.976,11.999,13.489,,,,1.729,9.696,46.526,20.164,,59.874
2005,3,75.017,141.012,96.954,12.01,23.162,14.69,,,20.424,,61.494,,62.793,,,,70.342,10.589,11.817,13.014,,,,1.715,9.619,45.445,20.003,,57.894
2005,4,76.602,146.648,99.288,12.52,23.12,14.425,,,20.856,,61.29,,64.589,,,,72.718,10.816,12.189,13.338,,,,1.755,9.826,46.7,20.426,,59.869
2005,5,77.057,139.99,95.727,11.533,22.867,14.597,,,20.98,,61.046,,61.989,,,,71.228,10.409,12.025,12.832,,,,1.768,9.906,46.294,20.547,,58.251
2005,6,76.206,137.736,92.095,11.403,22.833,14.805,,,20.748,,61.992,,59.503,,,,69.097,9.739,11.64,12.363,,,,1.751,9.806,45.261,20.32,,58.179
2005,7,76.044,133.46,92.227,11.449,23.342,14.912,,,20.704,,61.759,,59.13,,,,67.78,9.799,11.659,12.362,,,,1.748,9.782,45.777,20.327,,57.767
2005,8,75.696,135.186,92.421,11.559,23.978,14.969,,,20.61,,63.429,,59.63,,,,68.031,9.89,11.679,12.391,,,,1.719,9.74,44.883,20.183,,56.556
2005,9,74.078,130.433,89.134,11.583,25.109,15.312,,,20.172,,63.203,,57.255,,,,65.459,9.551,11.358,11.946,,,,1.685,9.55,43.846,19.744,,56.429
2005,10,73.606,130.375,88.69,11.019,24.862,15.502,,,20.041,,62.494,,57.365,,,,63.712,9.323,11.322,11.897,,,,1.631,9.494,43.52,19.624,,55.219
2005,11,74.486,128.15,87.819,11.434,24.502,16.017,,,20.279,,63.797,,56.744,,,,62.425,9.215,11.039,11.777,,,,1.621,9.606,44.04,19.861,,55.03
2005,12,72.367,124.984,85.911,11.384,25.081,16.119,,,19.702,,62.211,,55.183,,,,61.677,9.122,10.699,11.515,,,,1.609,9.334,43.497,19.296,,53.121
2006,1,71.982,127.405,87.09,11.709,25.229,16.428,,,19.598,,62.803,,56.012,,,,61.241,9.425,10.695,11.667,,,,1.633,9.279,44.313,19.194,,54.066
2006,2,73.198,127.416,86.823,11.773,24.892,16.271,,,19.929,,64.121,,55.405,,,,62.978,9.192,10.779,11.638,,,,1.644,9.434,45.071,19.517,,54.009
2006,3,71.872,125.365,87.305,11.556,25.323,17.002,,,19.569,,61.894,,55.319,,,,61.216,9.282,10.946,11.699,,,,1.612,9.262,44.429,19.164,,51.504
2006,4,71.158,128.205,89.158,11.493,25.746,17.215,,,19.373,,63.298,,56.457,,,,62.268,9.583,11.446,11.952,,,,1.585,9.177,44.992,18.972,,53.664
2006,5,72.27,136.127,93.056,10.79,25.619,17.407,,,19.676,,65.705,,59.689,,,,64.539,10.017,11.889,12.477,,,,1.556,9.316,45.884,19.269,,55.189
2006,6,73.88,135.606,93.985,10.364,25.176,16.974,,,20.123,,65.663,,60.007,,,,64.455,10.191,11.862,12.595,,,,1.604,9.513,46.517,19.697,,54.878
2006,7,73.617,136.97,93.852,10.634,25.157,17.53,,,20.043,,64.165,,59.677,,,,64.293,10.176,11.887,12.582,,,,1.586,9.471,46.667,19.629,,56.435
2006,8,72.624,138.34,93.198,10.226,25.543,18.203,,,19.774,,64.446,,59.14,,,,61.913,10.094,11.504,12.497,,,,1.56,9.338,46.187,19.364,,55.365
2006,9,72.679,136.25,92.304,9.47,25.592,17.578,,,19.788,,65.348,,58.309,,,,61.673,9.976,11.25,12.37,,,,1.582,9.329,45.798,19.379,,54.346
2006,10,72.02,136.874,91.589,9.53,25.257,17.967,,,19.608,,64.006,,57.723,,,,61.285,9.93,10.967,12.286,,,,1.6,9.261,46.143,19.204,,55.423
2006,11,69.948,136.318,92.121,9.804,25.948,18.535,,,19.051,,61.549,,57.944,,,,60.184,10.153,11.229,12.357,,,,1.562,8.992,44.883,18.651,,54.185
2006,12,69.397,136.316,91.387,9.943,26.154,18.683,,,18.895,,59.823,,57.045,,,,58.345,10.107,11.077,12.261,,,,1.57,8.922,44.529,18.505,,53.758
2007,1,70.537,138.38,91.434,9.677,25.731,18.381,,,19.205,,59.821,,56.45,,,,58.091,10.103,11.229,12.264,,,,1.596,9.068,45.261,18.809,8.962,54.641
2007,2,69.733,136.84,92.167,9.594,24.903,18.098,,,18.988,,59.681,,57.297,,,,58.975,9.962,11.363,12.366,,,,1.573,8.927,45.592,18.594,9.013,54.953
2007,3,68.781,135.004,91.766,9.435,25.37,17.999,,,18.732,,59.423,,56.697,,,,58.444,9.844,11.302,12.316,,,,1.579,8.802,45.357,18.34,8.897,55.489
2007,4,68.306,136.197,93.045,9.565,25.371,18.681,,,18.597,,61.142,,56.781,,,,57.118,10.101,11.441,12.468,,,,1.654,8.733,45.055,18.211,8.851,56.417
2007,5,66.966,132.292,89.969,9.366,25.349,18.681,,,18.233,,62.391,,54.657,,,,55.079,9.632,11.045,12.078,,,,1.643,8.576,43.79,17.856,8.756,55.237
2007,6,66.564,133.304,89.513,9.381,24.841,19.004,,,18.123,,62.957,,54.054,,,,53.922,9.65,11.264,11.89,,,,1.633,8.517,43.159,17.748,8.723,55.784
2007,7,67.509,136.985,92.476,9.476,24.671,18.872,,,18.381,,63.356,,56.094,,,,56.821,9.995,11.598,12.432,,,,1.668,8.628,44.675,18.002,8.922,57.997
2007,8,66.989,135.052,91.542,9.396,26.348,19.115,,,18.239,,63.314,,55.657,,,,57.666,9.715,11.52,12.127,,,,1.633,8.581,43.832,17.861,8.817,53.702
2007,9,66.971,135.309,94.784,9.729,26.079,18.366,,,18.24,,66.871,,57.203,,,,58.132,10.148,12.268,12.707,,,,1.684,8.622,44.837,17.895,8.914,58.908
2007,10,67.114,138.852,96.827,10.241,25.881,17.359,,,18.276,,70.323,,57.91,,,,58.506,10.464,12.536,12.995,,,,1.707,8.66,46.331,17.939,8.992,61.796
2007,11,64.424,132.808,94.939,9.43,27.04,18.169,,,17.561,,64.608,,57.43,,,,58.404,10.011,11.712,12.729,,,,1.624,8.272,44.514,17.365,8.727,57.074
2007,12,62.675,124.322,90.167,8.95,27.06,17.998,,,17.066,,63.165,,54.229,,,,54.941,9.472,11.241,12.085,,,,1.588,8.031,43.111,16.688,8.514,54.487
2008,1,70.561,140.365,104.93,9.668,24.447,16.512,,,19.216,,70.974,,65.081,,,,66.217,10.946,13.067,14.116,,,,1.792,9.046,49.791,18.816,9.823,62.891
2008,2,68.978,137.1,104.728,9.079,24.581,16.861,,,18.79,,70.58,,65.773,,,,66.011,10.958,13.374,14.051,,,,1.737,8.866,49.493,18.411,9.699,65.222
2008,3,62.848,124.929,99.198,7.75,26.811,19.118,,,17.114,,61.465,,63.002,,,,62.997,10.577,12.327,13.103,,,,1.575,8.078,45.355,16.759,8.918,57.405
2008,4,62.136,122.281,97.007,8.135,27.054,19.458,,,16.918,,61.451,,60.262,,,,60.01,10.342,12.11,12.978,,,,1.534,7.972,45.636,16.567,8.879,58.032
2008,5,62.029,122.574,96.16,8.226,26.278,19.322,,,16.888,,62.729,,59.108,,,,58.855,10.31,12.184,12.894,,,,1.456,7.948,45.419,16.538,8.935,59.29
2008,6,64.694,128.96,102.157,8.21,25.056,18.263,,,17.614,,64.181,,63.568,,,,61.082,10.814,12.796,13.7,,,,1.508,8.294,47.533,17.253,9.437,62.427
2008,7,67.318,133.254,104.98,9.117,24.213,17.388,,,18.328,,65.786,,64.321,,,,62.248,11.106,13.075,14.226,,,,1.584,8.63,49.473,17.954,9.856,65.147
2008,8,68.733,125.944,101.394,8.937,23.933,16.928,,,18.713,,65.456,,62.813,,,,63.064,10.752,12.802,13.593,,,,1.571,8.803,48.547,18.328,10.053,59.454
2008,9,73.219,132.104,105.277,8.792,22.815,15.932,,,19.934,,69.782,,66.886,,,,70.03,10.783,12.651,14.119,,,,1.576,9.428,51.188,19.476,10.697,58.744
2008,10,79.653,130.221,101.994,7.919,23.603,16.352,,,21.684,,65.708,,69.719,,,,81.201,10.381,11.932,13.684,,,,1.615,10.275,53.754,21.236,11.637,53.188
2008,11,77.881,119.757,100.408,7.465,25.392,16.371,,,21.203,,62.907,,64.859,,,,81.81,9.91,11.325,13.502,,,,1.56,10.048,51.66,20.76,11.396,51.164
2008,12,77.711,112.347,109.482,8.268,25.125,16.793,,,21.157,,63.746,,73.428,,,,86.065,10.032,11.06,14.683,,,,1.609,10.027,54.077,20.706,11.383,53.78
2009,1,79.544,113.126,102.546,7.896,25.005,16.28,,,21.654,,64.831,,68.936,,,,88.974,9.656,11.493,13.782,,,,1.623,10.256,52.748,21.198,11.63,51.358
2009,2,79.687,113.849,101.463,8.033,24.879,16.477,,,21.694,,63.53,,68.402,,,,81.592,8.851,11.645,13.611,,,,1.574,10.277,51.588,21.248,11.65,51.446
2009,3,80.431,114.845,106.424,8.337,26.514,16.35,,,21.898,,64.045,,70.185,,,,82.134,9.716,11.645,14.301,,,,1.573,10.378,52.965,21.447,11.765,55.308
2009,4,78.662,116.701,104.802,9.242,28.349,17.035,,,21.416,,65.81,,69.561,,,,80.838,9.811,12.004,14.065,,,,1.578,10.15,53.227,20.976,11.526,57.254
2009,5,78.348,125.53,109.697,9.791,28.463,16.88,,,21.331,,70.663,,72.563,,,,81.04,10.242,12.252,14.738,,,,1.653,10.107,54.123,20.892,11.474,62.024
2009,6,77.158,129.018,109.061,9.922,26.699,17.043,,,21.007,,66.906,,71.446,,,,80.658,10.09,12.099,14.65,,,,1.611,9.956,53.365,20.574,11.293,62.772
2009,7,76.607,126.588,108.214,9.855,27.517,17.296,,,20.857,,70.906,,70.638,,,,80.481,10.35,12.356,14.532,,,,1.59,9.885,53.17,20.428,11.213,63.446
2009,8,76.233,123.447,108.711,9.741,26.957,17.283,,,20.755,,69.567,,71.724,,,,82.181,10.642,12.595,14.604,,,,1.56,9.836,52.819,20.328,11.159,63.853
2009,9,74.999,120.292,109.692,10.129,25.6,17.54,,,20.419,,69.471,,72.647,,,,83.375,10.826,12.841,14.727,,,,1.568,9.677,53.044,19.999,10.986,65.94
2009,10,75.239,124.503,111.619,9.735,25.067,17.611,,,20.485,,70.514,,73.88,,,,82.683,10.776,13.347,14.989,,,,1.603,9.708,53.846,20.063,11.02,68.798
2009,11,74.907,124.076,112.723,10.134,25.105,17.709,,,20.394,,70.98,,74.788,,,,86.534,10.821,13.304,15.076,,,,1.612,9.665,53.929,19.975,10.972,69.596
2009,12,75.82,121.893,108.935,10.222,25.073,17.621,,,20.642,,71.983,,73.283,,,,82.039,10.614,13.119,14.638,,,,1.624,9.777,54.03,20.214,11.107,67.992
2010,1,75.886,122.423,105.858,9.95,25.697,17.665,,,20.66,,71.075,,72.088,,,,84.505,10.325,12.885,14.213,,,,1.638,9.769,53.965,20.236,11.114,67.618
2010,2,76.897,117.533,104.48,9.92,26.607,17.712,,,20.936,,72.636,,71.394,,,,86.131,10.733,12.977,14.031,,,,1.664,9.906,54.599,20.505,11.265,68.481
2010,3,77.331,116.524,103.717,10.467,26.962,17.574,,,21.055,,75.936,,72.477,,,,82.924,10.651,12.92,13.942,,,,1.705,9.96,55.168,20.621,11.329,70.774
2010,4,77.266,118.709,102.446,10.51,27.619,17.899,,,21.035,,77.033,,71.419,,,,82.178,10.663,13.068,13.771,,,,1.739,9.951,56.578,20.603,11.319,71.973
2010,5,79.745,115.487,98.183,10.467,27.745,17.807,,,21.711,,76.041,,69.024,,,,87.161,10.187,12.274,13.196,,,,1.715,10.235,56.9,21.264,11.679,67.704
2010,6,81.917,123.194,100.054,10.699,27.907,17.945,,,22.303,,77.783,,75.674,,,,92.467,10.542,12.65,13.456,,,,1.76,10.524,58.596,21.842,12.067,70.035
2010,7,80.23,125.303,104.878,10.885,27.833,18.914,,,21.844,,77.494,,77.012,,,,92.822,11.091,13.164,14.077,,,,1.726,10.329,58.91,21.393,11.845,72.239
2010,8,81.071,125.069,102.498,10.995,28,18.768,,,22.074,,76.431,,79.199,,,,96.3,10.9,12.802,13.755,,,,1.722,10.42,59.732,21.618,11.907,72.011
2010,9,80.778,127.847,109.673,11.572,27.755,18.576,,,21.993,,78.172,,82.538,,,,96.864,11.967,13.758,14.724,,,,1.813,10.409,61.326,21.539,12.074,78.201
2010,10,80.787,128.71,112.127,11.527,28.278,18.512,,,21.996,,79.04,,81.941,,,,100.139,11.923,13.64,15.031,,,,1.814,10.415,62.182,21.543,12.105,78.763
2010,11,80.974,125.992,106.325,11.335,28.559,18.345,,,22.046,,79.475,,81.075,,,,96.485,11.61,13.15,14.244,,,,1.761,10.427,61.409,21.591,12.147,77.885
2010,12,80.752,124.767,107.628,12.201,28.569,18.514,,,21.986,,80.793,,86.209,,,,99.123,11.979,13.77,14.466,,,,1.801,10.386,62.808,21.532,12.246,82.242
2011,1,81.272,128.982,110.61,11.332,28.362,18.493,7.377,15.153,22.13,,81.195,,86.338,,,,99.05,12.488,13.965,14.849,,,,1.767,10.427,63.267,21.67,12.333,80.841
2011,2,82.364,132.686,113.37,11.746,28.617,18.424,7.279,14.934,22.425,,84.243,,88.773,,,,100.789,12.806,14.57,15.202,,,,1.818,10.57,64.721,21.96,12.527,83.781
2011,3,82.989,133.641,117.513,12.185,28.883,18.117,7.224,14.815,22.596,,85.49,,90.567,,,,100.347,13.153,14.884,15.754,,,,1.858,10.657,65.856,22.129,12.669,85.773
2011,4,83.419,138.908,123.742,12.617,28.411,18.095,7.187,14.715,22.711,,87.702,,95.628,,,,102.176,13.89,15.875,16.594,,,,1.879,10.732,67.964,22.243,12.852,90.923
2011,5,85.704,141.626,123.469,12.392,27.892,17.922,7.001,14.346,23.334,,88.381,,100.59,,,,105.522,13.85,15.916,16.518,,,,1.906,11.018,69.469,22.854,13.226,91.717
2011,6,89.864,144.619,130.21,13.22,30.324,18.005,6.682,13.721,24.466,,92.667,,108.088,,,,111.552,14.227,16.697,17.454,,,,2.009,11.546,73.09,23.963,13.902,96.406
2011,7,91.1,148.744,130.164,13.459,28.623,17.47,6.592,13.496,24.803,,95.817,,113.703,,,,117.416,14.281,16.812,17.474,,,,2.061,11.689,75.577,24.292,14.142,99.841
2011,8,93.622,153.728,135.94,13.275,30.121,17.309,6.393,13.175,25.489,,96.086,,114.784,,,,122.105,14.876,17.522,18.192,,,,2.039,12.01,77.585,24.963,14.674,99.675
2011,9,99.832,155.775,135.382,12.524,28.548,16.653,6.01,12.366,27.179,,96.161,,111.002,,,,130.539,14.569,17.143,18.162,,,,2.036,12.813,76.942,26.619,15.631,97.446
2011,10,99.778,159.557,139.621,12.73,26.018,16.687,6.029,12.378,27.165,,99.722,,114.367,,,,125.784,15.503,18.178,18.775,,,,2.044,12.846,79.826,26.607,15.703,105.236
2011,11,89.721,139.806,119.533,10.709,28.645,18.781,6.699,13.815,24.427,,86.868,,97.447,,,,115.099,13.012,15.327,16.066,,,,1.72,11.521,69.202,23.923,14.083,89.488
2011,12,85.068,131.119,110.06,10.387,29.506,18.809,7.089,15.624,23.161,,83.407,,90.421,,,,109.694,12.318,14.161,14.806,,,,1.598,10.948,65.389,22.684,13.491,86.391
2012,1,84.588,133.175,111.612,10.806,27.492,18.915,7.123,15.375,23.03,,84.737,,91.891,,,,111.255,12.587,14.57,15.009,,,,1.702,10.906,67.417,22.554,13.396,89.946
2012,2,82.971,132.2,111.754,11.095,28.552,19.212,7.262,15.789,22.589,,83.618,,92.836,,,,103.481,12.709,14.867,15.033,,,,1.696,10.699,66.55,22.124,13.18,89.712
2012,3,83.056,132.751,110.859,10.774,30.281,19.144,7.272,15.448,22.612,,83.55,,92.001,,,,101.337,12.541,14.529,14.906,,,,1.624,10.697,66.09,22.147,13.183,86.34
2012,4,83.216,135.512,110.302,10.745,30.138,19.077,7.264,16.571,22.656,,84.908,,91.816,,,,103.841,12.398,14.535,14.83,,,,1.585,10.726,67.316,22.19,13.188,87.011
2012,5,86.825,134.512,107.61,10.141,28.621,18.313,6.939,16.263,23.638,,84.461,,89.623,,,,110.215,12.003,14.314,14.481,,,,1.542,11.183,67.481,23.151,13.619,84.476
2012,6,84.233,131.417,105.96,10.071,29.383,18.71,7.174,16.68,22.933,,82.097,,88.12,,,,106.145,12.091,14.044,14.28,,,,1.494,10.861,66.354,22.461,13.252,85.804
2012,7,84.213,132.371,103.413,10.282,29.449,18.762,7.196,16.726,22.928,,84.129,,86.085,,,,107.69,12.424,13.965,13.895,,,,1.514,10.86,67.641,22.455,13.2,88.642
2012,8,84.321,133.131,105.431,9.943,29.649,18.637,7.211,16.894,22.956,,85.024,,87.809,,,,107.449,12.611,14.502,14.147,,,,1.514,10.872,67.314,22.484,13.282,86.855
2012,9,85.283,138.566,110.147,10.383,29.748,18.48,7.276,17.237,23.219,,87.037,,91.061,,,,109.976,13.052,14.936,14.788,,,,1.615,10.999,69.613,22.742,13.554,89.185
2012,10,85.178,136.947,110.369,9.85,30.407,18.632,7.255,17.317,23.191,,85.428,,91.365,,,,106.996,12.82,14.864,14.799,,,,1.573,10.991,69.786,22.713,13.65,88.38
2012,11,85.935,137.816,111.612,9.767,31.303,18.63,7.192,17.397,23.396,,86.566,,92.703,,,,104.22,12.91,15.145,14.978,,,,1.571,11.088,70.404,22.915,13.802,89.639
2012,12,86.029,139.019,113.558,10.14,31.257,18.424,7.184,17.866,23.422,,86.515,,94.105,,,,99.903,13.208,15.4,15.217,,,,1.571,11.098,70.354,22.938,13.811,89.345
2013,1,87.611,138.569,118.948,9.701,30.362,18.445,7.054,17.749,23.853,,87.349,,96.357,,,,96.289,13.818,16.014,15.95,,,,1.645,11.293,70.774,23.362,14.088,91.177
2013,2,86.236,130.736,113.453,9.752,30.631,18.809,7.335,17.8,23.478,,84.369,,92.786,,,,93.252,13.065,15.159,15.199,,,,1.604,11.118,69.787,22.995,13.859,88.612
2013,3,85.639,129.608,109.555,9.249,30.302,18.858,7.403,18.403,23.316,,84.258,,89.876,,,,90.961,13.117,14.637,14.708,,,,1.575,11.033,68.902,22.836,13.781,89.334
2013,4,83.821,129.997,109.948,9.324,31.162,19.422,7.528,18.802,22.821,,82.943,,89.625,,,,85.75,12.81,14.431,14.739,,,,1.548,10.8,67.976,22.351,13.596,86.872
2013,5,85.124,129.504,110.92,8.474,30.462,19.16,7.613,18.279,23.176,,82.578,,89.129,,,,84.358,12.947,14.589,14.889,,,,1.508,10.964,67.497,22.698,13.875,82.157
2013,6,86.008,131.335,112.398,8.66,30.172,18.917,7.563,18.092,23.417,,82.206,,91.128,,,,87.042,12.807,14.259,15.072,,,,1.437,11.088,68.092,22.934,13.998,79.819
2013,7,87.28,133.314,115.753,8.891,29.618,18.573,7.436,17.616,23.762,,84.748,,93.9,,,,89.373,13.37,14.742,15.515,,,,1.43,11.255,68.562,23.272,14.237,78.87
2013,8,87.597,135.984,116.055,8.474,29.533,18.448,7.426,17.524,23.848,,83.232,,94.157,,,,89.256,13.323,14.396,15.559,,,,1.305,11.296,68.768,23.356,14.313,78.408
2013,9,86.646,139.961,116.883,8.593,29.638,18.581,7.721,17.765,23.59,,84.165,,95.763,,,,88.391,13.491,14.449,15.679,,,,1.384,11.174,68.909,23.104,14.161,80.715
2013,10,85.147,136.383,116.677,8.555,29.649,18.862,7.892,18.216,23.182,,81.216,,94.451,,,,86.57,13.266,14.395,15.638,,,,1.388,10.983,68.648,22.703,13.973,80.836
2013,11,86.993,142.313,118.468,8.518,29.083,18.519,7.713,17.829,23.684,,82.144,,96.069,,,,85.281,13.208,14.102,15.883,,,,1.394,11.221,69.298,23.196,14.278,79.138
2013,12,86.31,142.395,119.223,8.272,29.174,18.619,7.751,17.854,23.499,,81.237,,97.281,,,,82.418,13.316,14.091,15.956,,,,1.39,11.131,68.208,23.012,14.262,75.918
2014,1,86.236,142.136,116.821,7.703,28.735,18.821,7.862,17.957,23.478,,77.148,,95.476,,,,84.096,13.225,13.858,15.65,,,,1.38,11.104,67.581,22.994,14.228,75.595
2014,2,86.326,144.069,118.332,8.063,29.169,18.812,7.883,18.02,23.503,,77.67,,97.176,,,,84.873,13.241,14.277,15.849,,,,1.391,11.123,68.126,23.018,14.007,77.323
2014,3,86.441,143.806,118.916,8.147,29.477,18.978,7.844,17.931,23.534,,78.221,,97.521,,,,84.176,13.41,14.388,15.926,,,,1.44,11.143,68.553,23.049,13.891,79.82
2014,4,86.871,146.141,120.021,8.212,29.032,18.925,7.805,17.843,23.651,,79.286,,98.335,,,,84.92,13.351,14.438,16.06,,,,1.44,11.205,69.137,23.163,13.865,80.69
2014,5,87.797,146.924,119.439,8.431,29.158,18.964,7.734,17.652,23.904,,80.916,,97.826,,,,86.418,13.287,14.719,16.004,,,,1.487,11.325,69.977,23.409,14.066,81.827
2014,6,87.627,149.2,119.55,8.258,29.637,18.887,7.737,17.689,23.858,,81.833,,98.205,,,,86.514,13.171,14.304,16.036,,,,1.458,11.306,70.177,23.365,14.117,82.562
2014,7,87.804,148.584,117.638,8.229,29.896,18.917,7.836,17.652,23.905,,80.565,,96.658,,,,85.539,12.756,14.049,15.777,,,,1.458,11.33,70.452,23.412,14.225,81.86
2014,8,88.394,146.589,116.499,8.302,29.674,18.87,7.783,17.535,24.066,,81.377,,96.556,,,,85.128,12.679,14.29,15.633,,,,1.461,11.406,70.778,23.569,14.387,82.649
2014,9,89.279,145.121,113.286,7.928,29.682,18.773,7.706,17.362,24.309,,80.09,,93.888,,,,81.63,12.337,13.862,15.219,,,,1.448,11.5,70.095,23.801,14.525,78.115
2014,10,89.352,142.737,112.343,8.195,30.329,19.104,7.722,17.486,24.327,,79.755,,93.292,,,,80.846,12.137,13.315,15.087,,,,1.455,11.522,69.708,23.817,14.621,78.567
2014,11,90.179,141.684,112.283,8.178,30.805,19.328,7.64,17.41,24.552,,79.481,,93.382,,,,76.274,12.097,12.979,15.088,,,,1.455,11.632,69.198,24.032,14.674,76.661
2014,12,90.598,140.947,110.171,7.788,30.575,19.095,7.605,17.175,24.665,,77.803,,91.398,,,,75.304,11.537,12.134,14.789,,,,1.421,11.68,68.546,24.143,14.608,74.172
2015,1,91.674,138.421,103.901,7.947,31.198,19.46,7.516,17.126,24.958,,72.676,,99.543,,,,77.788,11.093,11.713,13.966,,,,1.485,11.826,67.859,24.396,14.666,71.423
2015,2,91.423,141.181,102.507,7.922,31.666,20.072,7.536,17.021,24.891,,73.203,,96.316,,,,76.707,10.891,11.955,13.733,,,,1.479,11.788,67.381,24.377,14.582,71.347
2015,3,92.335,136.446,99.525,7.592,32.133,19.992,7.462,16.928,25.14,,72.676,,95.201,,,,76.891,10.688,11.46,13.325,,,,1.474,11.908,67.097,24.618,14.885,70.47
2015,4,94.6,145.824,104.873,8.001,31.554,20.983,7.273,16.459,25.755,,78.647,,100.563,,,,79.798,11.309,12.538,14.058,,,,1.489,12.207,71.434,25.226,15.247,75.524
2015,5,97.781,149.909,107.02,8.061,31.213,21.323,7.016,15.954,26.621,,78.729,,103.659,,,,78.929,11.544,12.523,14.353,,,,1.533,12.613,72.498,26.074,15.768,74.895
2015,6,98.639,155.103,110.395,8.119,33.303,20.022,7.325,15.815,26.856,,79.654,,105.683,,,,79.773,11.964,12.571,14.793,,,,1.55,12.724,73.259,26.299,15.895,75.755
2015,7,102.521,159.993,112.07,8.059,33.33,20.61,6.755,14.943,27.912,,78.82,,105.971,,,,82.595,11.882,12.538,15.021,,,,1.601,13.225,74.591,27.338,16.51,74.769
2015,8,103.87,160.309,116.803,7.79,35.188,20.603,7.021,14.807,28.279,,78.496,,108.249,,,,85.719,12.333,12.581,15.652,,,,1.567,13.402,73.547,27.688,16.283,74.277
2015,9,105.293,159.578,118.332,7.571,35.045,20.491,6.966,14.758,28.667,,78.53,,108.198,,,,87.77,12.546,12.418,15.867,,,,1.601,13.586,73.923,28.075,16.566,73.852
2015,10,101.8,155.604,111.593,7.357,35.02,21.395,7.263,15.118,27.716,,77.312,,102.642,,,,84.045,11.922,11.873,14.987,,,,1.558,13.136,72.598,27.145,16.058,72.258
2015,11,102.114,153.558,108.153,7.094,32.855,21.202,7.297,15.169,27.802,,76.33,,99.063,,,,83.196,11.681,11.736,14.494,,,,1.528,13.177,72.283,27.205,15.964,73.415
2015,12,102.311,151.798,111.783,6.577,32.988,21.112,7.31,15.023,27.858,,73.754,,103.449,,,,84.969,12.164,11.642,14.99,,,,1.542,13.2,72.382,27.261,15.753,74.723
2016,1,102.283,146.573,111.682,6.315,33.955,21.392,7.338,15.257,27.852,,73.01,,101.041,,,,86.028,12.009,11.856,14.969,,,,1.501,13.128,71.823,27.265,15.554,72.667
2016,2,101.697,141.558,111.475,6.357,32.971,21.505,7.34,15.334,27.688,,75.139,,102.003,,,,89.479,11.923,11.778,14.939,,,,1.479,13.088,72.38,27.116,15.55,73.029
2016,3,101.334,145.307,114.694,6.78,33.306,21.582,7.483,15.232,27.591,,77.961,,104.922,,,,90.207,12.424,12.172,15.39,,,,1.528,13.069,74.993,27.021,15.671,77.531
2016,4,101.141,147.52,114.504,7.08,32.954,21.653,7.381,15.46,27.537,,80.665,,104.377,,,,93.145,12.507,12.406,15.382,,,,1.522,13.038,75.031,26.969,15.614,77.171
2016,5,100.831,147.398,112.366,6.367,33.353,21.73,7.404,15.571,27.452,,77.135,,101.618,,,,90.712,12.102,12.083,15.107,,,,1.501,12.979,73,26.886,15.321,72.401
2016,6,101.102,136.444,112.301,6.77,33.679,21.661,7.384,16.646,27.527,,77.726,,103.276,,,,98.401,11.905,12.054,15.1,,,,1.497,13.032,75.099,26.959,15.213,75.255
2016,7,101.389,133.524,112.392,7.181,33.288,21.59,7.363,16.543,27.603,,77.032,,103.574,,,,98.155,11.746,11.85,15.128,,,,1.511,13.072,74.97,27.035,15.234,76.189
2016,8,101.359,132.884,113.08,7.002,33.248,21.577,7.71,16.516,27.595,,77.622,,103.233,,,,98.776,11.883,12.167,15.19,,,,1.511,13.066,74.397,27.027,15.178,76.374
2016,9,101.262,131.638,113.654,7.311,33.409,21.548,7.372,16.454,27.569,,77.411,,104.615,,,,99.741,11.817,12.606,15.243,,,,1.515,13.058,74.184,26.964,15.181,77.293
2016,10,101.459,123.596,111.127,7.387,34.103,21.506,8.082,16.49,27.622,,75.724,,102.717,,,,96.881,11.251,12.285,14.964,,,,1.522,13.083,72.934,27.054,14.988,77.266
2016,11,101.877,127.104,108.071,7.324,35.582,21.398,8.166,16.417,27.736,,75.801,,100.54,,,,90.393,11.086,11.93,14.559,,,,1.485,13.136,71.5,27.158,14.796,76.163
2016,12,102.486,125.418,107.061,7.387,35.273,21.252,7.955,16.347,27.903,,75.366,,99.501,,,,87.063,11.117,11.736,14.404,,,,1.502,13.215,70.68,27.324,14.732,73.836
2017,1,103.956,130.087,111.158,7.698,34.534,21.5,8.027,16.23,28.302,,79.383,,104.467,,,,91.555,11.772,12.504,14.953,,,,1.533,13.4,73.229,27.717,15.106,78.601
2017,2,102.975,127.921,109.076,7.898,34.863,21.704,7.955,16.514,28.039,,77.923,,102.422,,,,91.872,11.403,12.293,14.678,,,,1.544,13.269,73.575,27.459,14.995,79.023
2017,3,103,128.831,110.564,8.002,35.078,21.67,7.976,16.573,28.043,,77.426,,103.367,,,,92.622,11.574,12.059,14.868,,,,1.587,13.255,73.867,27.466,14.949,78.991
2017,4,103.222,133.52,112.366,7.768,35.312,21.652,8.136,16.413,28.103,,75.557,,103.945,,,,92.772,11.678,12.07,15.108,,,,1.608,13.267,73.933,27.524,14.964,77.184
2017,5,103.381,133.062,115.627,7.868,34.852,21.629,7.963,16.63,28.145,,76.772,,106.075,,,,93.208,11.836,12.247,15.543,,,,1.599,13.266,74.654,27.566,15.08,77.112
